date,coi
2014-02-28,100
2014-03-01,99.35342638145991
2014-03-02,99.81473263352441
2014-03-03,104.65320006046497
2014-03-05,121.2882507288284
2014-03-06,117.47511561761132
2014-03-08,110.30527883063897
2014-03-09,111.62104889948013
2014-03-10,115.70363544406135
2014-03-12,115.56671949058138
2014-03-13,115.60205650809823
2014-03-15,113.40865155933567
2014-03-16,111.98024603728558
2014-03-17,109.12383806047139
2014-03-18,108.40376164411634
2014-03-19,109.14046555532867
2014-03-20,106.01225595414465
2014-03-21,105.78545989199155
2014-03-22,99.52482418037202
2014-03-23,99.61237421669686
2014-03-24,97.70224958323675
2014-03-25,100.13579196350516
2014-03-26,98.01163072803739
2014-03-27,90.52106644232755
2014-03-30,83.45589032879764
2014-03-31,82.6511690053561
2014-04-01,79.50237200998994
2014-04-02,83.02519592415163
2014-04-03,73.7080392469352
2014-04-04,75.35926176787702
2014-04-05,78.26446529077126
2014-04-06,80.43081506280295
2014-04-07,78.9535838289131
2014-04-08,78.36387890128997
2014-04-09,76.99629044953943
2014-04-10,73.78272505593803
2014-04-11,65.68466724952306
2014-04-12,75.33475175091735
2014-04-13,73.10092909356575
2014-04-14,70.96645148800906
2014-04-15,79.04432241968507
2014-04-16,89.28264460323267
2014-04-17,89.95319465345374
2014-04-18,85.58874544502345
2014-04-19,84.80777449704435
2014-04-20,91.81537042371761
2014-04-21,91.81884977969989
2014-04-22,92.59720175815063
2014-04-23,83.09706826478114
2014-04-24,82.7464845876135
2014-04-25,77.23010130953841
2014-04-26,78.57754636325333
2014-04-27,79.3501216881421
2014-04-28,73.8513411251576
2014-04-29,76.60551348458947
2014-04-30,77.2884521375416
2014-05-01,78.16883086221002
2014-05-02,77.2226252513214
2014-05-03,76.33108388427561
2014-05-04,74.95752988402621
2014-05-05,74.2751685612483
2014-05-06,74.34371135458942
2014-05-07,75.91788387965417
2014-05-08,76.39991092713309
2014-05-09,77.7714023948314
2014-05-10,77.88173702342641
2014-05-11,74.56679692210027
2014-05-12,75.89745423503685
2014-05-13,75.5475572818617
2014-05-14,76.20349671016419
2014-05-15,76.72729132376335
2014-05-16,77.13158193830068
2014-05-17,76.70513050286998
2014-05-18,76.54166668643879
2014-05-19,76.2209137736389
2014-05-20,82.63845296839908
2014-05-21,84.22797159843493
2014-05-22,88.60912182914569
2014-05-23,90.394998219574
2014-05-25,95.80670012148055
2014-05-26,100.43729405825586
2014-05-27,100.33655965340027
2014-05-28,98.32619789797417
2014-05-29,96.2940196095016
2014-05-30,97.00192828557617
2014-05-31,105.06096740533594
2014-06-01,110.3792477455563
2014-06-02,106.17569830504917
2014-06-03,111.97919298959937
2014-06-04,108.68397957696621
2014-06-05,109.63151522259655
2014-06-06,111.18744265261891
2014-06-07,111.19101714043211
2014-06-08,111.66263006856225
2014-06-09,109.88058433852234
2014-06-10,111.5941642147003
2014-06-11,110.17889503538501
2014-06-12,108.04967936320789
2014-06-13,103.74709214085802
2014-06-14,99.34391192364777
2014-06-15,94.9471283625498
2014-06-16,101.66304237976324
2014-06-17,101.12074952282393
2014-06-18,103.83345539097095
2014-06-19,103.54097133604078
2014-06-20,100.18516139714981
2014-06-21,100.23762744270464
2014-06-22,102.39494473134074
2014-06-23,100.52741556376894
2014-06-24,100.61619049703552
2014-06-25,95.65285738356147
2014-06-26,97.15068891777092
2014-06-27,99.31882183315014
2014-06-29,101.49218782044878
2014-06-30,105.60754272041368
2014-07-01,110.20700536463328
2014-07-02,107.61378561261662
2014-07-03,108.67635239490954
2014-07-05,105.16362262671137
2014-07-06,106.71143055498227
2014-07-08,103.78935938995426
2014-07-09,105.14707725162731
2014-07-10,103.18006015771861
2014-07-11,105.70573131222294
2014-07-12,105.56609969190764
2014-07-13,105.73819805695366
2014-07-14,104.22131649368535
2014-07-15,104.79193797470376
2014-07-16,103.60817153909369
2014-07-17,104.21440046579073
2014-07-18,104.37028654082646
2014-07-19,105.55176234731827
2014-07-20,105.02765900579547
2014-07-21,104.27815974720747
2014-07-22,104.47026339244022
2014-07-23,104.6247294651832
2014-07-24,101.02842063358793
2014-07-25,100.93833987323426
2014-07-26,100.23414880413777
2014-07-27,100.10607440018393
2014-07-28,97.55510057605878
2014-07-29,97.71301884725811
2014-07-30,96.64504252396759
2014-07-31,98.03858016803147
2014-08-01,99.98003468135177
2014-08-02,98.69288415695785
2014-08-03,98.25895210518112
2014-08-04,98.72856706179996
2014-08-05,98.16948120299827
2014-08-06,98.24620818577431
2014-08-07,98.7660228228335
2014-08-08,99.36229064698472
2014-08-09,98.68388840854789
2014-08-10,98.81585059765587
2014-08-11,97.14805995197639
2014-08-12,95.08872480952063
2014-08-13,90.0490131732793
2014-08-14,86.13771422108154
2014-08-15,82.29489127700606
2014-08-16,84.39171177764854
2014-08-17,81.98525300316906
2014-08-18,76.48959121369796
2014-08-19,79.4020013786501
2014-08-20,83.95449625665759
2014-08-21,87.63367328376562
2014-08-22,86.27851732639951
2014-08-23,83.56603073440556
2014-08-24,85.29747175581647
2014-08-25,83.80778804312813
2014-08-26,85.35168752067153
2014-08-27,85.43381116392068
2014-08-28,84.69553345381618
2014-08-29,85.06185299028249
2014-08-30,84.09597988106586
2014-08-31,79.26317367653776
2014-09-01,80.29398560582281
2014-09-02,80.3874551563497
2014-09-03,79.50140151892212
2014-09-04,81.36470737034578
2014-09-05,80.80019643667207
2014-09-06,81.25633029868148
2014-09-07,80.93603896107766
2014-09-08,79.84722231538512
2014-09-09,78.68069603279135
2014-09-10,80.79822511519892
2014-09-11,79.18557728874165
2014-09-12,79.40670316632868
2014-09-13,80.20518864784079
2014-09-14,79.69339553541943
2014-09-15,79.55409820969315
2014-09-16,78.37055234441266
2014-09-17,75.7667428649492
2014-09-18,71.11588517513819
2014-09-19,66.67400647182234
2014-09-20,68.91976589794575
2014-09-21,67.14788808324286
2014-09-22,67.15492802791906
2014-09-23,72.48622438876203
2014-09-24,71.58786384396262
2014-09-25,68.50760571530331
2014-09-26,67.51572288335582
2014-09-27,66.47814279424334
2014-09-28,63.63698935184823
2014-09-29,63.60847071427001
2014-09-30,64.05980889879426
2014-10-02,64.1045623350071
2014-10-03,62.75936073757975
2014-10-04,59.804655790111916
2014-10-05,54.717132894182654
2014-10-06,53.65274871671527
2014-10-07,54.70123735459096
2014-10-08,55.683723954614464
2014-10-09,59.60512157064267
2014-10-10,61.94858241175304
2014-10-11,60.40933367274398
2014-10-12,60.269106417447894
2014-10-13,62.18572004306308
2014-10-14,67.53760042112972
2014-10-15,66.4046770928328
2014-10-16,65.60957470772819
2014-10-17,64.01724907884969
2014-10-18,63.61662064558089
2014-10-19,65.55507511262245
2014-10-20,63.950290654369034
2014-10-21,64.18041665046566
2014-10-22,64.53600921971612
2014-10-23,62.17937466876143
2014-10-24,59.951883213038656
2014-10-25,59.030345337017174
2014-10-26,58.924352691003065
2014-10-27,58.8195665881898
2014-10-28,59.64689850548551
2014-10-29,59.58040870180346
2014-10-30,56.73543184032012
2014-10-31,57.64794436825037
2014-11-01,54.93566387865856
2014-11-02,54.25219402030721
2014-11-03,55.190618209590895
2014-11-04,54.501108466346906
2014-11-05,56.243316355303676
2014-11-06,56.85412412479095
2014-11-07,58.05769305768481
2014-11-08,57.374879238404034
2014-11-09,58.36918334243464
2014-11-10,60.174200087114535
2014-11-11,61.48675809536661
2014-11-12,63.35442487147229
2014-11-13,73.50601035033132
2014-11-14,64.579673815901
2014-11-15,66.19730331053097
2014-11-16,64.79001356698849
2014-11-17,68.64418000085801
2014-11-18,64.33931591492177
2014-11-19,64.18374958932525
2014-11-20,61.10687372209791
2014-11-21,59.142568219097
2014-11-22,60.07159823257982
2014-11-23,59.759052702490514
2014-11-24,62.661244044688736
2014-11-25,65.72534382720318
2014-11-26,61.689827282965716
2014-11-27,62.22011538610076
2014-11-28,60.6612649141256
2014-11-29,63.25738933905494
2014-11-30,63.59297615801604
2014-12-01,63.45371236506544
2014-12-02,63.61908617110156
2014-12-03,62.845579235735386
2014-12-04,62.7192269023337
2014-12-05,62.2842090794147
2014-12-06,62.527798716021856
2014-12-07,62.62834035715898
2014-12-08,61.24429379247456
2014-12-09,58.60344377901584
2014-12-10,58.44836722599359
2014-12-14,57.839312187044655
2014-12-15,58.58777155724672
2014-12-16,57.55691790697145
2014-12-17,55.61196878617021
2014-12-18,53.53294146223965
2014-12-19,51.88286272035093
2014-12-20,52.76483588655696
2014-12-21,54.77187472943786
2014-12-22,53.62349945652281
2014-12-23,55.48467687525699
2014-12-24,55.673148762085475
2014-12-25,52.95709625320146
2014-12-26,52.94035180696618
2014-12-27,54.11254035274358
2014-12-28,52.7219340227155
2014-12-29,53.27349566033214
2014-12-30,52.31454810352283
2014-12-31,51.74541392894333
2015-01-01,52.93397203964852
2015-01-02,52.22248455605955
2015-01-03,52.3703038389556
2015-01-04,46.789157527969486
2015-01-05,44.40300867954427
2015-01-06,45.61307785091676
2015-01-07,47.11645123516404
2015-01-08,48.83113395649785
2015-01-09,47.039136937499
2015-01-10,46.127438863773136
2015-01-11,45.61389434861096
2015-01-12,44.51134235804141
2015-01-13,40.614849003540634
2015-01-14,34.476209510148934
2015-01-15,34.028668554690555
2015-01-16,36.21057786243161
2015-01-17,32.77024612272839
2015-01-18,34.956946672854066
2015-01-19,34.58358624796937
2015-01-20,34.77592941676889
2015-01-21,35.49220839208842
2015-01-22,38.339750227611944
2015-01-23,37.638424525106956
2015-01-24,38.74922794877845
2015-01-25,41.02498793825735
2015-01-26,49.73085538483381
2015-01-27,42.965022819692855
2015-01-28,43.56194212941992
2015-01-29,38.348071549780464
2015-01-30,38.736248633515764
2015-01-31,38.60340045975198
2015-02-01,35.42793041155782
2015-02-02,37.3942421623414
2015-02-03,39.83609182295114
2015-02-04,37.19731617511786
2015-02-05,37.57125667078259
2015-02-06,36.4151232262648
2015-02-07,38.06102328625517
2015-02-08,37.83048310482342
2015-02-09,37.03478784124978
2015-02-10,36.06036646568683
2015-02-11,36.82263664640607
2015-02-12,36.537484568445535
2015-02-13,39.14785126713083
2015-02-14,41.27458246537076
2015-02-15,43.72098698217733
2015-02-16,39.566239447604204
2015-02-17,39.59646081521972
2015-02-18,40.24774720468024
2015-02-19,39.46110737452305
2015-02-20,40.988171922594056
2015-02-21,40.608978947499764
2015-02-22,40.81187590398887
2015-02-23,39.04980824513583
2015-02-24,39.430311847297915
2015-02-25,39.28405967406465
2015-02-26,39.34194821907464
2015-02-27,41.78901557561838
2015-02-28,42.11349936895088
2015-03-01,41.02219779848995
2015-03-02,43.15555708021587
2015-03-03,45.03958974573353
2015-03-04,47.03751606642593
2015-03-05,44.51964514204837
2015-03-06,45.16480105424135
2015-03-07,45.99557989153531
2015-03-08,45.76289239129347
2015-03-09,47.73985255873427
2015-03-10,49.13957503311514
2015-03-11,49.3094946108391
2015-03-12,49.34589197057026
2015-03-13,47.90750956245898
2015-03-14,47.0895514066876
2015-03-15,47.29651778674848
2015-03-16,48.4336615069504
2015-03-17,47.9562508272311
2015-03-18,44.475283444323345
2015-03-19,43.26211142681926
2015-03-20,43.43890858614443
2015-03-21,43.512672448586926
2015-03-22,43.95412745462502
2015-03-23,43.978680422580275
2015-03-24,41.34012403505547
2015-03-25,41.19313467924685
2015-03-26,42.46183552011563
2015-03-27,41.61628837431321
2015-03-28,42.15005238285063
2015-03-29,41.0151653682624
2015-03-30,41.458614904041205
2015-03-31,41.049037181177304
2015-04-02,41.421009288373625
2015-04-03,42.325937023109354
2015-04-04,42.59338720050908
2015-04-05,42.28440505346273
2015-04-06,43.67297165224018
2015-04-07,42.193983532070156
2015-04-08,42.196282639357726
2015-04-09,40.860810382676
2015-04-10,40.453370805511916
2015-04-11,39.383748308129704
2015-04-12,39.553023146168755
2015-04-13,39.277887529144806
2015-04-14,37.33771857638306
2015-04-15,37.00408829858026
2015-04-16,37.63272715907859
2015-04-17,38.04367676085306
2015-04-18,37.18804703040905
2015-04-19,37.238178119405504
2015-04-20,37.21550163798224
2015-04-21,37.508285256474814
2015-04-22,39.071732387805156
2015-04-23,38.99231211058482
2015-04-24,38.62985517567154
2015-04-25,38.385916843626305
2015-04-26,36.43004658234763
2015-04-27,36.72338777162589
2015-04-28,37.451108138867454
2015-04-29,37.407579937064895
2015-04-30,38.97990136448117
2015-05-01,39.11396003437292
2015-05-02,39.06422722963344
2015-05-03,40.2258811160427
2015-05-04,40.24740496807146
2015-05-05,39.205699952649184
2015-05-06,39.16146860044686
2015-05-07,38.61342573723204
2015-05-08,40.905794157995004
2015-05-09,40.120238961390484
2015-05-10,39.99732862948089
2015-05-11,40.52824490291
2015-05-12,40.26375462472749
2015-05-13,40.38243722197159
2015-05-14,39.338747947619595
2015-05-15,39.51711249258532
2015-05-16,39.511272475343
2015-05-17,39.506271439033476
2015-05-18,39.39611418980075
2015-05-19,38.83008939115529
2015-05-20,39.03744496580985
2015-05-21,39.28767693310577
2015-05-22,39.45700427227803
2015-05-23,39.99632463321125
2015-05-24,40.24009876996432
2015-05-25,39.51334013800707
2015-05-26,39.528935961033156
2015-05-27,39.4056979042051
2015-05-28,39.39280816826617
2015-05-29,39.45715374046267
2015-05-30,38.73766661771751
2015-05-31,38.58121708676174
2015-06-01,37.05234806024848
2015-06-02,37.5750178213755
2015-06-03,37.647878797945964
2015-06-04,37.38756186042489
2015-06-05,37.50955174610267
2015-06-06,37.50010295670834
2015-06-07,37.22188181386119
2015-06-08,38.05470146805096
2015-06-09,38.18566312356618
2015-06-10,38.09388287040851
2015-06-11,38.24321466976683
2015-06-12,38.348862348435176
2015-06-14,38.7486854207635
2015-06-15,38.913497377574664
2015-06-16,39.5402876884784
2015-06-17,42.16537902605837
2015-06-18,41.63634874610839
2015-06-19,41.73196528756738
2015-06-20,40.79945013714284
2015-06-21,40.92619328365807
2015-06-22,40.78581013613924
2015-06-23,41.24818046956077
2015-06-24,40.80126987674244
2015-06-25,40.259323723269674
2015-06-26,40.56454266914565
2015-06-27,40.73124405914645
2015-06-28,41.9365757273696
2015-06-29,41.70338302120495
2015-06-30,43.11064766183761
2015-07-01,44.265453852653685
2015-07-02,43.46900336255309
2015-07-03,42.94501427599117
2015-07-04,43.08049792373521
2015-07-05,43.907261088106736
2015-07-06,45.67893775893154
2015-07-07,45.4140931789735
2015-07-08,45.00947656746386
2015-07-09,45.4981611137026
2015-07-10,45.25992900854719
2015-07-11,48.08650255597114
2015-07-12,49.377424367761485
2015-07-13,52.025467153310736
2015-07-14,49.001594607223524
2015-07-15,48.75189762814151
2015-07-16,48.78185842700871
2015-07-17,46.64604642224228
2015-07-18,46.94599280257904
2015-07-19,46.05254329699354
2015-07-20,45.92295790636213
2015-07-21,46.8648315946469
2015-07-22,46.32003542632381
2015-07-23,46.533533583442356
2015-07-24,46.36814218850612
2015-07-25,48.291738705151886
2015-07-26,48.531017759350966
2015-07-27,49.11015403789315
2015-07-28,49.63907918402944
2015-07-29,49.406565600803745
2015-07-30,48.48841044022132
2015-07-31,48.39448420896569
2015-08-01,47.80243618086768
2015-08-02,46.99238329454936
2015-08-03,47.40742057019093
2015-08-04,47.435226984541615
2015-08-05,47.86500092012881
2015-08-06,47.27379421743708
2015-08-07,46.83971112819811
2015-08-08,46.981833876318696
2015-08-09,43.96184045117517
2015-08-10,44.64627709149106
2015-08-11,44.44539113419424
2015-08-12,45.09513543154929
2015-08-13,44.71503801526709
2015-08-14,44.57281802537271
2015-08-15,44.82719238376306
2015-08-16,44.03754254860563
2015-08-17,43.4683090159713
2015-08-18,43.38437439780194
2015-08-19,38.97756311404255
2015-08-20,38.657579550485856
2015-08-21,39.3672363820938
2015-08-22,39.365073551651676
2015-08-23,38.74401111429208
2015-08-24,38.14359931745924
2015-08-25,34.2895061382557
2015-08-26,37.73249622786792
2015-08-27,38.156545348312456
2015-08-28,37.207466784601706
2015-08-29,38.98409582876115
2015-08-30,38.68093097502367
2015-08-31,38.23038569142015
2015-09-01,38.75163010640905
2015-09-02,38.049987089038986
2015-09-03,38.49360978705199
2015-09-04,38.23968893699138
2015-09-05,38.54588810191414
2015-09-06,39.65655857602899
2015-09-07,40.46808061292427
2015-09-08,40.57595000806738
2015-09-09,40.859029172480746
2015-09-10,40.001022810649744
2015-09-11,40.15364373168914
2015-09-12,39.79888424310969
2015-09-13,39.40295079599898
2015-09-14,38.18117182621501
2015-09-15,38.82319082896476
2015-09-16,38.6816850999701
2015-09-17,38.52323890509483
2015-09-19,38.94344338543866
2015-09-20,38.70294898663376
2015-09-21,38.15953010928382
2015-09-22,38.789052616065305
2015-09-23,38.57014105230371
2015-09-24,38.71388289621927
2015-09-25,39.64086942326503
2015-09-26,39.16365099190301
2015-09-27,39.043474326801174
2015-09-28,39.68011208079177
2015-09-29,39.5717972401775
2015-09-30,39.549262740407734
2015-10-01,39.51610060501039
2015-10-02,39.693879614564956
2015-10-03,39.79537075934966
2015-10-04,39.911989971359404
2015-10-05,39.83104985701828
2015-10-06,40.29342393619192
2015-10-07,40.93526848646481
2015-10-08,40.67424144357011
2015-10-09,40.75417018356718
2015-10-10,40.747040450720206
2015-10-11,40.943173863433955
2015-10-12,41.281395572376944
2015-10-13,41.839380865582584
2015-10-14,41.8489788994344
2015-10-15,42.53052682504316
2015-10-16,43.334909330405104
2015-10-17,45.058676549497264
2015-10-18,44.33286427436134
2015-10-19,43.930911676189154
2015-10-20,44.400081220552664
2015-10-21,44.22164181539824
2015-10-22,45.86907891165398
2015-10-23,45.93202658399292
2015-10-24,46.39405880768051
2015-10-25,48.163667153618825
2015-10-26,47.349695045336496
2015-10-27,48.82293931676331
2015-10-28,50.40401735190737
2015-10-29,52.13763870803773
2015-10-30,53.50808079918239
2015-10-31,54.2995919139588
2015-11-01,53.031819314867015
2015-11-02,55.83681488556469
2015-11-03,65.44888611725219
2015-11-04,81.04624919783772
2015-11-05,65.56768325072679
2015-11-06,62.58670065615286
2015-11-07,64.70615322167286
2015-11-08,64.26727497254056
2015-11-09,64.0438375389559
2015-11-10,59.686527057728455
2015-11-11,52.040564250743216
2015-11-12,55.0310299694976
2015-11-13,55.13833497697579
2015-11-14,55.42776960322489
2015-11-15,53.51342616470755
2015-11-16,53.48092905673468
2015-11-17,55.72815058299418
2015-11-18,55.61943316284618
2015-11-19,54.435548269786516
2015-11-20,53.664444180754366
2015-11-21,54.406665928519345
2015-11-22,53.82161956799034
2015-11-23,53.98365028276273
2015-11-24,53.637385639324506
2015-11-25,54.24235315366879
2015-11-26,57.86228330162194
2015-11-27,59.93285736615249
2015-11-28,59.28632700988364
2015-11-29,60.82283911961831
2015-11-30,62.82348674013192
2015-12-01,60.235100272882235
2015-12-02,59.929668345459234
2015-12-03,60.095050063261226
2015-12-04,60.240587808688986
2015-12-05,63.03263225904059
2015-12-06,65.8431204819842
2015-12-07,65.71282103381888
2015-12-08,65.87360328625958
2015-12-09,69.04962963986523
2015-12-10,69.39135529379071
2015-12-11,74.77448367023219
2015-12-12,70.8616721371497
2015-12-13,72.5300826168793
2015-12-14,73.8768185365794
2015-12-15,76.79222148495477
2015-12-16,76.04246155312222
2015-12-17,75.71850627408982
2015-12-18,76.99408148021195
2015-12-19,76.86006972997939
2015-12-20,73.39134955962847
2015-12-21,72.53387285319526
2015-12-22,73.03241944146555
2015-12-23,73.68072038014566
2015-12-24,75.56275190868102
2015-12-25,75.85128468265792
2015-12-26,69.74724138240116
2015-12-27,70.42103076582177
2015-12-28,69.87210598707023
2015-12-29,71.59763472860942
2015-12-30,71.1721737344779
2015-12-31,71.73055219265993
2016-01-01,72.29937974239053
2016-01-02,72.15842058176167
2016-01-03,71.17262125096912
2016-01-04,72.20758007929743
2016-01-05,71.95050055529823
2016-01-06,71.71916679343195
2016-01-07,75.5926962295937
2016-01-08,75.50588243931945
2016-01-09,74.80095145167762
2016-01-10,74.18967568398321
2016-01-11,74.59809016991586
2016-01-12,74.2149359252691
2016-01-13,71.97242317586988
2016-01-14,71.72204009230644
2016-01-15,62.60919265493467
2016-01-16,63.84903927036066
2016-01-17,64.60487650686667
2016-01-18,64.59761621915713
2016-01-19,63.7861404242193
2016-01-20,69.60835247377467
2016-01-21,68.5126367669478
2016-01-22,63.260160058989236
2016-01-23,64.9875291200685
2016-01-24,67.51648492448994
2016-01-25,65.59061286091273
2016-01-26,65.5634327651126
2016-01-27,66.0484157931806
2016-01-28,63.60807961352868
2016-01-29,63.57585267065872
2016-01-30,63.28996531132047
2016-01-31,61.71457325509569
2016-02-01,62.35635106376891
2016-02-02,62.61169623626418
2016-02-03,61.904345996555264
2016-02-04,65.184120603321
2016-02-06,64.62224003790851
2016-02-07,63.12201359803068
2016-02-08,63.189491330387035
2016-02-09,62.61767833746069
2016-02-10,63.2387181202002
2016-02-11,64.2139063955201
2016-02-12,64.14609350463866
2016-02-13,64.80749855418438
2016-02-14,66.29376011744266
2016-02-15,69.11428381096523
2016-02-16,67.73511427214514
2016-02-17,68.48769715898898
2016-02-18,69.77643974422242
2016-02-19,70.90898683990115
2016-02-20,70.83113342300645
2016-02-21,73.52409643839724
2016-02-22,73.45150487666669
2016-02-23,73.77246683693662
2016-02-24,71.26079421844615
2016-02-25,72.06225382895161
2016-02-26,71.24444705365097
2016-02-27,73.07190476221085
2016-02-28,72.81928769827621
2016-02-29,72.85825594528113
2016-03-01,73.93767748051525
2016-03-02,73.46925409208134
2016-03-03,71.28309708362075
2016-03-04,71.63911669149338
2016-03-05,69.72309974851679
2016-03-06,67.6377820215612
2016-03-07,69.38574190845733
2016-03-08,70.23592298192816
2016-03-09,70.14194128490057
2016-03-10,70.67655620570048
2016-03-11,71.03330244195885
2016-03-12,72.15824342185704
2016-03-13,70.94133667275312
2016-03-14,71.1423195589768
2016-03-15,71.32398027065474
2016-03-16,71.47436024311634
2016-03-17,71.63564547086617
2016-03-18,71.51265739396989
2016-03-19,69.62486026948658
2016-03-20,70.3259718675231
2016-03-21,70.27789545327752
2016-03-22,70.97371948831163
2016-03-23,71.64518709506771
2016-03-24,71.34009879029504
2016-03-25,71.09668531892859
2016-03-26,71.37010377629142
2016-03-27,71.32276448671053
2016-03-28,72.62192854135336
2016-03-29,72.66600019526554
2016-03-30,71.16333371106053
2016-03-31,71.27736786067715
2016-04-01,71.33786142200678
2016-04-02,71.91224295680297
2016-04-03,71.86142251177341
2016-04-04,71.9977933110465
2016-04-05,72.15208531553317
2016-04-06,72.23232162884484
2016-04-07,71.96030914668198
2016-04-08,72.11185848386722
2016-04-09,71.17248506348278
2016-04-10,71.21869448046371
2016-04-11,71.53023281240277
2016-04-12,72.26199365062207
2016-04-13,72.0786101579504
2016-04-14,72.00299247252104
2016-04-15,72.18515726836837
2016-04-16,72.73616717733087
2016-04-17,72.9942607471401
2016-04-18,72.75090039212813
2016-04-19,72.6702684202406
2016-04-20,73.79877677321906
2016-04-21,75.04595093847713
2016-04-22,75.39803080881161
2016-04-23,75.22069942764908
2016-04-24,76.7656446721555
2016-04-25,77.4224096204459
2016-04-26,78.16173870713533
2016-04-27,78.66790801876729
2016-04-28,74.68964986154435
2016-04-29,75.61090402168554
2016-04-30,76.88373842225542
2016-05-01,76.19400255804703
2016-05-02,76.83775324168487
2016-05-03,75.5098837590612
2016-05-04,76.38898252435979
2016-05-05,76.00624946280638
2016-05-06,76.04239575266509
2016-05-07,77.82234757778747
2016-05-08,77.91051684601553
2016-05-09,77.66311364676346
2016-05-10,78.15933738377446
2016-05-11,77.0643412130832
2016-05-12,76.89313530664833
2016-05-13,77.45232926910577
2016-05-14,77.47466912649656
2016-05-15,77.59304346139085
2016-05-16,77.81985427831569
2016-05-17,77.69657379487847
2016-05-18,77.62339922856764
2016-05-19,77.95321851702
2016-05-20,76.15855617232651
2016-05-21,75.92117295630776
2016-05-22,76.05951883032364
2016-05-23,76.00013076233067
2016-05-24,76.3750359520188
2016-05-25,76.7134969622717
2016-05-26,76.9724857313778
2016-05-27,80.83052032093812
2016-05-28,85.01648245593813
2016-05-29,88.96391304631466
2016-05-30,91.24840580938711
2016-05-31,92.80188795752765
2016-06-01,90.87236949818593
2016-06-02,91.5367050862056
2016-06-03,93.82559509134813
2016-06-04,98.89228510285541
2016-06-05,98.46263397394675
2016-06-06,99.65319218340727
2016-06-07,99.54685197897057
2016-06-08,98.32498755318042
2016-06-09,98.65446009596762
2016-06-10,98.3766159297417
2016-06-11,99.34472720340317
2016-06-12,106.89766664616205
2016-06-13,117.83910283122812
2016-06-14,118.24823377163423
2016-06-15,115.57934578019635
2016-06-16,125.0171429997816
2016-06-17,125.6998767376339
2016-06-18,127.47095224102199
2016-06-19,127.20749376725813
2016-06-20,128.59811938727435
2016-06-21,120.33065365492337
2016-06-22,113.65988290948943
2016-06-23,100.39342411983377
2016-06-24,110.20576039015664
2016-06-25,115.0267450326751
2016-06-26,111.02810837057066
2016-06-27,109.06585037795904
2016-06-28,109.81445168950943
2016-06-29,107.5274391400769
2016-06-30,107.96785080072932
2016-07-01,113.862502175332
2016-07-02,114.34472065160367
2016-07-03,113.11933642900873
2016-07-04,113.33320144395509
2016-07-05,113.54035022764235
2016-07-06,113.60853118615329
2016-07-07,108.60341790307
2016-07-08,108.27647229572884
2016-07-09,110.06011775475835
2016-07-10,109.02983802534219
2016-07-11,108.8935638683946
2016-07-12,109.2751971876186
2016-07-13,112.57599244610883
2016-07-14,110.96783607114197
2016-07-15,112.36287096065756
2016-07-16,112.25951903435669
2016-07-17,112.53513968037313
2016-07-18,114.66321981321906
2016-07-19,113.51749781961836
2016-07-20,113.4663391319513
2016-07-21,112.3027681454037
2016-07-22,112.74089196087711
2016-07-23,110.92957450505499
2016-07-24,110.98641933089117
2016-07-25,111.00637471510557
2016-07-26,109.72534620411534
2016-07-27,110.6049365052153
2016-07-28,110.83078809253095
2016-07-29,110.84751920499436
2016-07-30,110.93623546534508
2016-07-31,107.95406784255415
2016-08-01,105.28332766566481
2016-08-02,101.98670187354051
2016-08-03,93.74912370065114
2016-08-04,97.08931141030666
2016-08-05,96.85223424497462
2016-08-06,96.49352802807111
2016-08-07,99.83766111514475
2016-08-08,99.77494930717853
2016-08-09,99.5009253620602
2016-08-10,99.74797837178292
2016-08-11,100.3271200546513
2016-08-12,99.88206289784324
2016-08-13,99.87918033649883
2016-08-14,98.9561817132527
2016-08-15,97.2594847497001
2016-08-16,96.48117336290211
2016-08-17,98.29719473250516
2016-08-18,97.26438811881631
2016-08-19,97.43415563860913
2016-08-20,98.31350052877814
2016-08-21,98.84873663924421
2016-08-22,98.52205764137064
2016-08-23,98.98399326345974
2016-08-24,98.82568120993704
2016-08-25,97.67052703717597
2016-08-26,98.30780257956975
2016-08-27,97.71270916834848
2016-08-28,97.39207881782926
2016-08-29,97.73997583619797
2016-08-30,98.2520433989311
2016-08-31,97.80621510959134
2016-09-01,97.45589768407697
2016-09-02,97.5688125547067
2016-09-03,98.07930663106117
2016-09-04,102.50347522932898
2016-09-05,103.3036528387456
2016-09-06,103.5181284441255
2016-09-07,103.72786373621925
2016-09-08,106.68117348280416
2016-09-09,106.11470698492597
2016-09-10,106.18931992077923
2016-09-11,105.96561095950075
2016-09-12,103.12131439598191
2016-09-13,103.61036530644523
2016-09-14,103.96276744816693
2016-09-15,103.89674314316235
2016-09-16,103.3923945301887
2016-09-17,103.47667115484734
2016-09-18,103.4549190956314
2016-09-19,103.84766996721
2016-09-20,104.07560523669879
2016-09-21,102.23087832660234
2016-09-22,101.84885745434407
2016-09-23,102.2917481275947
2016-09-24,102.93033959742522
2016-09-25,102.78223148613057
2016-09-26,103.18502589658426
2016-09-27,103.35689024645333
2016-09-28,103.1855348514345
2016-09-29,103.09569803799748
2016-09-30,103.07431306872287
2016-10-01,104.13942659122175
2016-10-02,104.27694458332365
2016-10-03,104.12919577490642
2016-10-04,103.84334476371603
2016-10-05,104.15714985328664
2016-10-06,104.1935365319714
2016-10-07,104.75114664559275
2016-10-08,105.20904670111584
2016-10-09,104.9907038652246
2016-10-10,105.46093204796271
2016-10-11,107.65399790335725
2016-10-12,108.58767029936634
2016-10-13,108.1404246548858
2016-10-14,108.42828017608737
2016-10-15,108.80791877348715
2016-10-16,108.87296902407996
2016-10-17,108.35183036041268
2016-10-18,108.49910584579136
2016-10-19,108.12325943344787
2016-10-20,107.01102822028726
2016-10-21,107.14213752691846
2016-10-22,107.9969124821778
2016-10-23,111.23511950444744
2016-10-24,110.43656516021407
2016-10-25,110.94735786265666
2016-10-26,112.19826300282836
2016-10-27,116.00844421672572
2016-10-28,115.99855759941786
2016-10-29,118.39532239180866
2016-10-30,119.76293695136138
2016-10-31,118.23322428483587
2016-11-01,122.27168811356677
2016-11-02,122.21640408012331
2016-11-03,123.99957490447997
2016-11-04,118.92873334831624
2016-11-05,118.71054835009211
2016-11-06,120.0006851257222
2016-11-07,118.46447482825695
2016-11-08,118.73536925484127
2016-11-09,123.67559101073347
2016-11-10,120.94222193868242
2016-11-11,120.74149073104515
2016-11-12,119.24769978972066
2016-11-13,117.1885197987598
2016-11-14,118.3686541028067
2016-11-15,119.59934637921003
2016-11-16,120.368113579485
2016-11-17,124.77572662271422
2016-11-18,126.27977507425285
2016-11-19,125.85197355043188
2016-11-20,126.44965499564455
2016-11-21,123.44805881276008
2016-11-22,124.66750475712341
2016-11-23,125.07018589441785
2016-11-24,124.57846601245693
2016-11-25,124.67837492153492
2016-11-26,123.64076830970652
2016-11-27,123.92537421565868
2016-11-28,123.88095149007444
2016-11-29,123.66075337932925
2016-11-30,125.62975932991426
2016-12-01,126.63589646297915
2016-12-02,129.7909305906382
2016-12-03,129.279063919904
2016-12-04,129.45653181831509
2016-12-05,126.0123783631872
2016-12-06,127.99953172828884
2016-12-07,128.8867399910689
2016-12-08,129.933636016281
2016-12-09,130.0175379033312
2016-12-10,130.25337600813785
2016-12-11,129.2153938226152
2016-12-12,131.20098937054726
2016-12-13,131.4029162572531
2016-12-14,131.4018321590996
2016-12-15,130.99200933371398
2016-12-16,131.69251791730366
2016-12-17,132.6375223606155
2016-12-18,132.87039633006052
2016-12-19,132.8511000612594
2016-12-20,133.28213107166218
2016-12-21,135.9543120514692
2016-12-22,144.37220528594827
2016-12-23,153.33103636482033
2016-12-24,149.66341556267798
2016-12-25,145.87046402294516
2016-12-26,150.6627402904332
2016-12-27,156.3930028563202
2016-12-28,161.6144622474088
2016-12-29,163.8163374766108
2016-12-30,159.81754956840183
2016-12-31,160.3230225827041
2017-01-01,163.79879549641828
2017-01-02,172.93667258095823
2017-01-03,173.77808961261664
2017-01-04,186.05939276341152
2017-01-05,174.5590908381058
2017-01-06,151.08547582431112
2017-01-07,150.77436268066612
2017-01-08,154.15735676608534
2017-01-09,153.48229407018877
2017-01-10,153.74299177866322
2017-01-11,138.3743431467878
2017-01-12,130.061220377463
2017-01-13,134.79264833589946
2017-01-14,140.92162574183916
2017-01-15,138.8675405361762
2017-01-16,139.55351128679223
2017-01-17,149.85600229915872
2017-01-18,151.96130165222726
2017-01-19,150.63140986625714
2017-01-20,150.827040557947
2017-01-21,156.51234307323983
2017-01-22,153.71940872316594
2017-01-23,156.1784588717345
2017-01-24,153.39673762079516
2017-01-25,152.07907830023046
2017-01-26,153.36953536613916
2017-01-27,155.41581009987559
2017-01-28,155.9903250091112
2017-01-29,155.89771297905168
2017-01-30,155.74006423631275
2017-01-31,161.2011961194105
2017-02-01,164.29926546689958
2017-02-02,168.16411540677788
2017-02-03,171.99509907369801
2017-02-04,173.11976934387275
2017-02-05,173.44437576085073
2017-02-06,175.52317448884557
2017-02-07,178.71288813346533
2017-02-08,177.4474714768313
2017-02-09,165.87515704582395
2017-02-10,162.9004410171453
2017-02-11,169.35394935717892
2017-02-12,168.8562792321431
2017-02-13,167.49163702010213
2017-02-14,169.3410512163536
2017-02-15,170.22037838126496
2017-02-16,172.54695819141574
2017-02-17,176.1598195793823
2017-02-18,178.74272654004963
2017-02-19,177.05846965913673
2017-02-20,179.03633427081357
2017-02-21,186.32988287182678
2017-02-22,187.96756591455215
2017-02-23,193.17337497201322
2017-02-24,199.18665306694606
2017-02-25,196.9850276365881
2017-02-26,196.17937087319487
2017-02-27,198.06622136108027
2017-02-28,200.1108553833414
2017-03-01,206.0808645386198
2017-03-02,211.9423832253963
2017-03-03,217.16933291589692
2017-03-04,218.99692149303124
2017-03-05,215.94699742182502
2017-03-06,218.89259832511948
2017-03-07,211.52660464727853
2017-03-08,207.09126471558474
2017-03-09,202.10181705027733
2017-03-10,215.4507677241195
2017-03-11,207.07926239051758
2017-03-12,210.2072600121589
2017-03-13,220.00381997391983
2017-03-14,221.14706425927574
2017-03-15,226.33473845557455
2017-03-16,224.9290049115603
2017-03-17,215.3759265094422
2017-03-18,200.7795659302064
2017-03-19,192.62054149967182
2017-03-20,202.63191524695796
2017-03-21,206.23181935902554
2017-03-22,194.54859692174654
2017-03-23,198.30350944773807
2017-03-24,186.88339766750263
2017-03-25,180.42330398612896
2017-03-26,187.21801414031796
2017-03-27,192.93554063998187
2017-03-28,196.43137442675115
2017-03-29,193.5428208820086
2017-03-30,189.40453344477294
2017-03-31,189.4391458461985
2017-04-01,194.7209955645072
2017-04-02,194.8911764509178
2017-04-03,199.4290541035845
2017-04-04,200.30734205489264
2017-04-05,199.63336808902068
2017-04-06,204.14662264381454
2017-04-07,207.34700701898143
2017-04-08,209.33020732001216
2017-04-09,208.04159691326439
2017-04-10,209.20204967666808
2017-04-11,210.46237073930402
2017-04-12,210.9778836852068
2017-04-13,209.37934988758582
2017-04-14,207.16319299911007
2017-04-15,210.23263883509435
2017-04-16,209.36204302737275
2017-04-17,208.61449048058435
2017-04-18,215.27934947102057
2017-04-19,214.68918487393637
2017-04-20,215.86688761025954
2017-04-21,216.41982616743465
2017-04-22,213.81572186744552
2017-04-23,215.7687957764849
2017-04-24,216.75698238291696
2017-04-25,222.6543537183224
2017-04-26,226.13779358056806
2017-04-27,231.26043953879343
2017-04-28,234.00515955560542
2017-04-29,235.93461533008627
2017-04-30,237.24730517623266
2017-05-01,248.6475824697466
2017-05-02,262.7011968670316
2017-05-03,261.7669167250392
2017-05-04,279.7041911852896
2017-05-05,289.614686710663
2017-05-06,282.8090473476681
2017-05-07,282.4534335360731
2017-05-08,297.2698922134722
2017-05-09,318.1423397501763
2017-05-10,313.2007838872987
2017-05-11,327.54155238829634
2017-05-12,316.965555593257
2017-05-13,312.4485635936603
2017-05-14,320.8054120930067
2017-05-15,311.4022824364776
2017-05-16,309.6841077316996
2017-05-17,321.1021042803502
2017-05-18,322.5497495552425
2017-05-19,350.1756827701518
2017-05-20,357.21085792936424
2017-05-21,372.462790584608
2017-05-22,409.49830762028523
2017-05-23,415.2786348427218
2017-05-24,445.6209848319784
2017-05-25,495.3694570099876
2017-05-26,428.8085924567325
2017-05-27,367.3011703201837
2017-05-28,396.54961920769364
2017-05-29,400.1189916445502
2017-05-30,416.5149644583759
2017-05-31,412.312528690675
2017-06-01,448.6812466637392
2017-06-02,443.9015777417162
2017-06-03,464.47082097118465
2017-06-04,468.44876638834074
2017-06-05,476.70332633087816
2017-06-06,523.4025509179241
2017-06-07,518.7117811297537
2017-06-08,503.75680663335567
2017-06-09,527.8331059735614
2017-06-10,536.9143486782554
2017-06-11,547.9505405652782
2017-06-12,529.6443404810336
2017-06-13,528.7723275837968
2017-06-14,510.86281643049693
2017-06-15,442.4754788146724
2017-06-16,487.04450277504554
2017-06-17,503.6324745532877
2017-06-18,501.3929221059538
2017-06-19,503.1066334616237
2017-06-20,517.5879595040236
2017-06-21,518.2224954660547
2017-06-22,519.6040009809784
2017-06-23,527.6850726637496
2017-06-24,513.8359484991597
2017-06-25,501.29233177852524
2017-06-26,466.6146356066543
2017-06-28,485.2237662378851
2017-06-29,487.3668687673688
2017-06-30,488.24242900878335
2017-07-01,477.3466215196532
2017-07-02,464.5808479391254
2017-07-03,480.44759283421
2017-07-04,496.47038462260485
2017-07-05,483.92213482079427
2017-07-06,493.1960142251839
2017-07-07,481.2302043418762
2017-07-08,475.16062718385507
2017-07-09,486.5613740649549
2017-07-10,467.13230323100385
2017-07-11,444.70792682946933
2017-07-12,453.421072387491
2017-07-13,436.6927716576901
2017-07-14,410.93712383807775
2017-07-15,382.0576752681839
2017-07-16,350.1073375208212
2017-07-17,401.4832808393444
2017-07-18,442.24681361136516
2017-07-19,429.9333870981756
2017-07-20,502.82659884125724
2017-07-21,487.2078655937511
2017-07-22,517.3398119302415
2017-07-23,506.8846439472114
2017-07-25,505.02209051265316
2017-07-26,479.4459092984449
2017-07-27,470.777831973771
2017-07-28,496.4017474033481
2017-07-29,508.16811172819894
2017-07-30,493.84460072160425
2017-07-31,500.73063518806913
2017-08-01,522.9641460313397
2017-08-02,496.7394016132245
2017-08-03,503.2925887548438
2017-08-04,517.8017268712158
2017-08-05,529.7367344774733
2017-08-06,596.8345882588613
2017-08-07,586.045539404551
2017-08-08,615.3191015342521
2017-08-09,625.5545069954737
2017-08-10,615.4441731727007
2017-08-11,628.2796997130648
2017-08-12,667.8659872649686
2017-08-13,715.0707368190087
2017-08-14,735.7999473162749
2017-08-15,781.6747371699423
2017-08-16,755.137869313051
2017-08-17,788.0467554032668
2017-08-18,781.4308585248908
2017-08-19,758.9916128739984
2017-08-20,751.9278885502143
2017-08-21,752.5183264168868
2017-08-22,714.6351417551308
2017-08-23,748.5135617565577
2017-08-24,758.1766309457064
2017-08-25,801.8640497336886
2017-08-26,804.0229436153847
2017-08-27,799.2855533183306
2017-08-28,799.5744203106669
2017-08-29,815.038241816257
2017-08-30,848.9514237316055
2017-08-31,848.2265180642931
2017-09-01,875.9080533726607
2017-09-02,898.4819242724973
2017-09-03,847.5729976193115
2017-09-04,823.3153093795682
2017-09-05,742.6410782352414
2017-09-06,822.0394144556296
2017-09-07,824.5362970252252
2017-09-08,837.0853236424593
2017-09-09,762.8142413189353
2017-09-10,751.7164269138904
2017-09-11,766.7587461505772
2017-09-12,735.2728668175553
2017-09-13,735.739836537287
2017-09-14,706.4817746176524
2017-09-15,615.8279325539291
2017-09-16,674.05593176395
2017-09-17,654.179871532065
2017-09-18,679.3387419581206
2017-09-19,730.9530062053952
2017-09-20,719.60208580573385
2017-09-21,719.8698346875321
2017-09-22,676.0071618880314
2017-09-23,672.0011072413497
2017-09-24,700.5810164953989
2017-09-25,696.9386543233105
2017-09-26,727.7702419310759
2017-09-27,719.8531181938179
2017-09-28,765.6180112108924
2017-09-29,754.3942397117677
2017-09-30,769.2544591771783
2017-10-01,787.7750761471812
2017-10-02,802.9426601740413
2017-10-03,803.2856564430473
2017-10-04,782.6065171266665
2017-10-05,771.7246591943887
2017-10-06,787.3094265011263
2017-10-07,793.662694952038
2017-10-08,804.5749393222195
2017-10-09,835.5954762667036
2017-10-10,866.4015861325888
2017-10-11,863.3611150962928
2017-10-12,875.5779919045659
2017-10-13,1016.710980403949
2017-10-14,1016.2551029463448
2017-10-15,1047.5250881855354
2017-10-16,1019.2775112055436
2017-10-17,1007.8439519333856
2017-10-18,984.9043391901567
2017-10-19,1000.9394500900655
2017-10-20,1010.7465783207921
2017-10-21,1078.5010720524979
2017-10-22,1058.6929935629148
2017-10-23,1065.0450296921656
2017-10-24,1002.9131284864071
2017-10-25,964.5555371725313
2017-10-26,1018.854908827009
2017-10-27,1056.5584451187458
2017-10-28,1032.0306078190133
2017-10-29,1018.8291535517783
2017-10-30,1085.5323426572709
2017-10-31,1087.7286180689466
2017-11-01,1139.2643365511776
2017-11-02,1207.923707226779
2017-11-03,1242.201118506084
2017-11-04,1253.7430475243343
2017-11-05,1288.610967308637
2017-11-06,1288.560300393741
2017-11-07,1248.3605078500045
2017-11-08,1281.771293843898
2017-11-09,1296.5692421290403
2017-11-10,1277.023226657758
2017-11-11,1198.6252133383828
2017-11-12,1097.6448370814478
2017-11-13,1079.6021984588986
2017-11-14,1186.1342415930003
2017-11-15,1234.774609524553
2017-11-16,1282.3693101149483
2017-11-17,1397.880817267743
2017-11-18,1330.2074237403845
2017-11-19,1382.2919164932605
2017-11-20,1410.869521755782
2017-11-21,1433.6246161039066
2017-11-22,1456.1361283351303
2017-11-23,1474.671894016666
2017-11-24,1450.7422023718227
2017-11-25,1508.1099281589165
2017-11-26,1608.6053367448378
2017-11-27,1739.052196557769
2017-11-28,1752.5067470782726
2017-11-29,1878.450900547243
2017-11-30,1907.0231559472675
2017-12-01,1793.1519916292082
2017-12-02,1987.9991380238619
2017-12-03,1980.3304152034323
2017-12-04,2038.914248013621
2017-12-05,2082.439574659585
2017-12-06,2204.985026570917
2017-12-07,2519.9655357431257
2017-12-08,2891.691488859597
2017-12-09,2806.878372050062
2017-12-10,2363.9299702420562
2017-12-11,2965.988202905051
2017-12-12,2903.576923350332
2017-12-13,2969.360894802195
2017-12-14,2874.664168285682
2017-12-15,3083.1780922278854
2017-12-16,3087.79343664624
2017-12-17,3421.71800603457
2017-12-18,3290.013527680634
2017-12-19,3355.257575365104
2017-12-20,3094.5672377217534
2017-12-21,2990.6903654124276
2017-12-22,2496.392627081681
2017-12-23,2623.2956961545015
2017-12-24,2529.963778233865
2017-12-25,2435.6476101846074
2017-12-26,2619.3421448162467
2017-12-27,2897.0975569246284
2017-12-28,2641.3846366761672
2017-12-29,2679.3580818370706
2017-12-30,2435.4669843040997
2017-12-31,2385.0544225905155
2018-01-01,2452.7080781476006
2018-01-02,2445.6340494164406
2018-01-03,2708.251756883731
2018-01-04,2735.792030942799
2018-01-05,2784.470088218302
2018-01-06,3028.1120091943044
2018-01-07,3058.404076922182
2018-01-08,2875.8502425915594
2018-01-09,2782.4619799869915
2018-01-10,2628.8632049019025
2018-01-11,2511.866694634484
2018-01-12,2513.6125000104635
2018-01-13,2611.204409547437
2018-01-14,2652.3514523539534
2018-01-15,2540.4601177750083
2018-01-16,2431.363136874321
2018-01-17,1986.3306186175946
2018-01-18,2117.8798367604477
2018-01-19,2078.522754260038
2018-01-20,2184.6208570896597
2018-01-21,2312.105878883397
2018-01-22,2144.0674487574133
2018-01-23,2017.0044613227383
2018-01-24,1990.4505064201323
2018-01-25,2140.9777405435075
2018-01-26,2126.1430611776873
2018-01-27,2045.5614606443658
2018-01-28,2128.997789130026
2018-01-29,2146.291694039721
2018-01-30,2059.7134246092555
2018-01-31,1856.8019028587698
2018-02-01,1876.616662103498
2018-02-02,1636.900149572809
2018-02-03,1542.7037704620725
2018-02-04,1702.7683102546637
2018-02-05,1508.483903751854
2018-02-06,1171.9240229609568
2018-02-07,1378.512342720285
2018-02-08,1509.368853998218
2018-02-09,1485.2229932780042
2018-02-10,1653.4510772994154
2018-02-11,1513.79706772681
2018-02-12,1575.415916686308
2018-02-13,1609.2009573112907
